<?xml version="1.0" encoding="UTF-8" standalone="yes"?>
<addon id="addon" name="WikiScraper" version="0.0.2" provider-name="OpenSourceProject_FraUAS">
    <requires>
        <import addon="xbmc.python" version="3.0.0"/>
    </requires>
    <extension point="xbmc.python.script" library="addon.py">
        <provides>executable</provides>
    </extension>
    <extension point="xbmc.addon.metadata">
        <platform>all</platform>
        <summary lang="en">Wikipedia Scraper</summary>
        <description lang="en">This is used to scrape Wikipedia for Movie &amp; TV-Show details.</description>
        <license>GNU General Public License, v3</license>
        <language></language>
        <forum></forum>
        <source>https://github.com/BelowBasic/WikipediaScraper</source>
        <website>Kodi.tv</website>
        <email></email>
        <assets>
            <icon>icon.png</icon>
        </assets>
        <news>Updated the addon to use new addon.xml metadata</news>
    </extension>
</addon>